{"cameraMode":{"drawMode":0,"name":"Shaded","section":"Shading Mode"},"sceneLighting":true,"audioPlay":false,"sceneViewState":{"showFog":true,"showMaterialUpdate":true,"showSkybox":true,"showFlares":true,"showImageEffects":true,"showParticleSystems":true},"in2DMode":false,"pivot":{"x":-42.94469451904297,"y":336.4907531738281,"z":393.7225646972656},"rotation":{"x":-0.12582524120807649,"y":0.048190996050834659,"z":-0.006119550671428442,"w":-0.9908629655838013},"size":81.20162963867188,"orthographic":false}