{"cameraMode":{"drawMode":0,"name":"Shaded","section":"Shading Mode"},"sceneLighting":true,"audioPlay":false,"sceneViewState":{"showFog":true,"showMaterialUpdate":true,"showSkybox":true,"showFlares":true,"showImageEffects":true,"showParticleSystems":true},"in2DMode":false,"pivot":{"x":-195.58990478515626,"y":297.41058349609377,"z":447.0704040527344},"rotation":{"x":-0.1785929799079895,"y":0.5920864343643189,"z":-0.13664205372333527,"w":-0.7738648056983948},"size":294.0556640625,"orthographic":false}