{"cameraMode":{"drawMode":0,"name":"Shaded","section":"Shading Mode"},"sceneLighting":true,"audioPlay":false,"sceneViewState":{"showFog":true,"showMaterialUpdate":true,"showSkybox":true,"showFlares":true,"showImageEffects":true,"showParticleSystems":true},"in2DMode":false,"pivot":{"x":-66.96641540527344,"y":457.5576171875,"z":514.3785400390625},"rotation":{"x":0.22091145813465119,"y":0.061396654695272449,"z":-0.013935855589807034,"w":0.9732601642608643},"size":257.3144226074219,"orthographic":false}