{"cameraMode":{"drawMode":0,"name":"Shaded","section":"Shading Mode"},"sceneLighting":true,"audioPlay":false,"sceneViewState":{"showFog":true,"showMaterialUpdate":true,"showSkybox":true,"showFlares":true,"showImageEffects":true,"showParticleSystems":true},"in2DMode":false,"pivot":{"x":64.32752990722656,"y":284.73846435546877,"z":437.2629089355469},"rotation":{"x":0.10444576293230057,"y":0.03430429473519325,"z":-0.003604782745242119,"w":0.9939329624176025},"size":40.459861755371097,"orthographic":false}