{"cameraMode":{"drawMode":0,"name":"Shaded","section":"Shading Mode"},"sceneLighting":true,"audioPlay":false,"sceneViewState":{"showFog":true,"showMaterialUpdate":true,"showSkybox":true,"showFlares":true,"showImageEffects":true,"showParticleSystems":true},"in2DMode":false,"pivot":{"x":88.43048858642578,"y":252.5976104736328,"z":512.8890991210938},"rotation":{"x":-0.32885321974754336,"y":0.4399111568927765,"z":-0.17714093625545503,"w":-0.816673219203949},"size":102.57820129394531,"orthographic":false}