{"cameraMode":{"drawMode":0,"name":"Shaded","section":"Shading Mode"},"sceneLighting":true,"audioPlay":false,"sceneViewState":{"showFog":true,"showMaterialUpdate":true,"showSkybox":true,"showFlares":true,"showImageEffects":true,"showParticleSystems":true},"in2DMode":false,"pivot":{"x":-26.0,"y":279.5339660644531,"z":473.359130859375},"rotation":{"x":-0.18812240660190583,"y":-0.02445543371140957,"z":0.004685705062001944,"w":-0.9818296432495117},"size":374.31365966796877,"orthographic":false}