{"cameraMode":{"drawMode":0,"name":"Shaded","section":"Shading Mode"},"sceneLighting":true,"audioPlay":false,"sceneViewState":{"showFog":true,"showMaterialUpdate":true,"showSkybox":true,"showFlares":true,"showImageEffects":true,"showParticleSystems":true},"in2DMode":false,"pivot":{"x":-107.22755432128906,"y":271.5547180175781,"z":441.6790466308594},"rotation":{"x":0.15492400527000428,"y":0.04296028986573219,"z":-0.006743443198502064,"w":0.9869693517684937},"size":23.471561431884767,"orthographic":false}