{"cameraMode":{"drawMode":0,"name":"Shaded","section":"Shading Mode"},"sceneLighting":false,"audioPlay":false,"sceneViewState":{"showFog":true,"showMaterialUpdate":false,"showSkybox":false,"showFlares":true,"showImageEffects":true,"showParticleSystems":true},"in2DMode":false,"pivot":{"x":75.83746337890625,"y":15.239128112792969,"z":0.0},"rotation":{"x":-0.13637961447238923,"y":-0.7440269589424133,"z":0.15999163687229157,"w":-0.6342183947563171},"size":5.4871039390563969,"orthographic":false}