{"cameraMode":{"drawMode":0,"name":"Shaded","section":"Shading Mode"},"sceneLighting":true,"audioPlay":false,"sceneViewState":{"showFog":true,"showMaterialUpdate":true,"showSkybox":true,"showFlares":true,"showImageEffects":true,"showParticleSystems":true},"in2DMode":false,"pivot":{"x":-27.385900497436525,"y":453.46514892578127,"z":537.3513793945313},"rotation":{"x":0.10444576293230057,"y":0.03430429473519325,"z":-0.003604782745242119,"w":0.9939329624176025},"size":152.51837158203126,"orthographic":false}