{"cameraMode":{"drawMode":0,"name":"Shaded","section":"Shading Mode"},"sceneLighting":true,"audioPlay":false,"sceneViewState":{"showFog":true,"showMaterialUpdate":true,"showSkybox":true,"showFlares":true,"showImageEffects":true,"showParticleSystems":true},"in2DMode":false,"pivot":{"x":363.1708068847656,"y":169.0906982421875,"z":1.1874656677246094},"rotation":{"x":0.15492400527000428,"y":0.04296028986573219,"z":-0.006743443198502064,"w":0.9869693517684937},"size":9.605613708496094,"orthographic":false}