{"cameraMode":{"drawMode":0,"name":"Shaded","section":"Shading Mode"},"sceneLighting":true,"audioPlay":false,"sceneViewState":{"showFog":true,"showMaterialUpdate":true,"showSkybox":true,"showFlares":true,"showImageEffects":true,"showParticleSystems":true},"in2DMode":false,"pivot":{"x":-73.02706909179688,"y":360.9684753417969,"z":545.81005859375},"rotation":{"x":0.12303314357995987,"y":-0.11583400517702103,"z":0.014460941776633263,"w":0.9855135083198547},"size":203.07994079589845,"orthographic":false}