{"cameraMode":{"drawMode":0,"name":"Shaded","section":"Shading Mode"},"sceneLighting":true,"audioPlay":false,"sceneViewState":{"showFog":true,"showMaterialUpdate":true,"showSkybox":true,"showFlares":true,"showImageEffects":true,"showParticleSystems":true},"in2DMode":false,"pivot":{"x":-79.25556945800781,"y":312.0229187011719,"z":383.10687255859377},"rotation":{"x":-0.07963643223047257,"y":0.046929847449064258,"z":-0.0037534062284976246,"w":-0.9957123398780823},"size":81.20162963867188,"orthographic":false}