{"cameraMode":{"drawMode":0,"name":"Shaded","section":"Shading Mode"},"sceneLighting":true,"audioPlay":false,"sceneViewState":{"showFog":true,"showMaterialUpdate":true,"showSkybox":true,"showFlares":true,"showImageEffects":true,"showParticleSystems":true},"in2DMode":false,"pivot":{"x":-176.2435760498047,"y":170.56509399414063,"z":567.0121459960938},"rotation":{"x":0.2942916750907898,"y":-0.5932700634002686,"z":0.2467883974313736,"w":0.7074893116950989},"size":82.60610961914063,"orthographic":false}